id,age,job,marital,education,default,balance,housing,loan,contact,day,month,duration,campaign,pdays,previous,poutcome,y
152,26,student,single,secondary,no,0,yes,no,unknown,5,may,610,2,-1,0,unknown,0
204,35,student,single,unknown,no,298,yes,no,unknown,5,may,611,2,-1,0,unknown,0
266,30,student,single,tertiary,no,25,yes,no,unknown,5,may,89,2,-1,0,unknown,0
293,24,student,single,secondary,no,423,yes,no,unknown,5,may,226,3,-1,0,unknown,0
298,24,student,single,secondary,no,82,yes,no,unknown,5,may,204,2,-1,0,unknown,0
370,23,student,single,secondary,no,157,yes,no,unknown,6,may,54,1,-1,0,unknown,0
553,30,student,single,tertiary,no,34,yes,no,unknown,6,may,289,1,-1,0,unknown,0
648,31,student,single,secondary,no,252,yes,no,unknown,6,may,175,3,-1,0,unknown,0
651,29,student,single,secondary,no,209,yes,no,unknown,6,may,311,2,-1,0,unknown,0
691,29,student,single,secondary,no,948,yes,no,unknown,6,may,75,2,-1,0,unknown,0
769,29,student,single,secondary,no,110,yes,no,unknown,7,may,169,3,-1,0,unknown,0
789,29,student,single,tertiary,no,185,yes,no,unknown,7,may,141,3,-1,0,unknown,0
891,29,student,single,secondary,no,872,yes,no,unknown,7,may,230,1,-1,0,unknown,0
1053,27,student,single,secondary,no,671,yes,no,unknown,7,may,332,2,-1,0,unknown,0
1226,27,student,single,secondary,no,81,yes,no,unknown,8,may,238,1,-1,0,unknown,0
1289,26,student,single,secondary,no,85,yes,no,unknown,8,may,278,2,-1,0,unknown,0
1339,27,student,single,secondary,no,217,yes,no,unknown,8,may,319,1,-1,0,unknown,0
1375,26,student,single,tertiary,no,37,yes,no,unknown,8,may,108,1,-1,0,unknown,0
1402,26,student,single,unknown,no,-41,yes,no,unknown,8,may,229,2,-1,0,unknown,0
1512,27,student,single,secondary,no,0,no,no,unknown,8,may,93,2,-1,0,unknown,0
1719,22,student,single,secondary,no,2412,yes,no,unknown,9,may,238,2,-1,0,unknown,0
1758,23,student,single,secondary,no,318,yes,no,unknown,9,may,545,2,-1,0,unknown,0
1813,27,student,married,tertiary,no,659,yes,no,unknown,9,may,111,2,-1,0,unknown,0
1825,23,student,single,secondary,no,151,yes,no,unknown,9,may,97,1,-1,0,unknown,0
1837,21,student,single,secondary,no,6,no,no,unknown,9,may,622,1,-1,0,unknown,0
1934,24,student,single,secondary,no,304,no,no,unknown,9,may,180,3,-1,0,unknown,0
1943,29,student,single,secondary,no,510,yes,no,unknown,9,may,25,6,-1,0,unknown,0
2061,25,student,married,tertiary,no,333,yes,no,unknown,12,may,399,3,-1,0,unknown,0
2119,25,student,single,tertiary,no,641,yes,no,unknown,12,may,53,1,-1,0,unknown,0
2228,23,student,single,tertiary,no,250,yes,no,unknown,12,may,166,2,-1,0,unknown,0
2236,24,student,single,tertiary,no,1535,yes,no,unknown,12,may,126,2,-1,0,unknown,0
2260,21,student,single,unknown,no,137,yes,no,unknown,12,may,198,3,-1,0,unknown,0
2364,21,student,single,secondary,no,99,yes,no,unknown,13,may,49,1,-1,0,unknown,0
2798,26,student,single,secondary,no,91,yes,no,unknown,14,may,174,2,-1,0,unknown,0
3027,26,student,single,secondary,no,3096,yes,no,unknown,14,may,107,1,-1,0,unknown,0
3083,28,student,single,secondary,no,246,yes,no,unknown,14,may,162,4,-1,0,unknown,0
3161,20,student,single,tertiary,no,79,yes,no,unknown,14,may,168,3,-1,0,unknown,0
3369,28,student,single,secondary,no,0,yes,no,unknown,15,may,133,3,-1,0,unknown,0
3451,22,student,single,secondary,no,364,yes,no,unknown,15,may,282,1,-1,0,unknown,0
3465,25,student,single,secondary,no,1139,yes,no,unknown,15,may,22,3,-1,0,unknown,0
3688,27,student,single,tertiary,no,66,yes,no,unknown,16,may,456,1,-1,0,unknown,0
4134,28,student,single,tertiary,no,80,yes,no,unknown,19,may,234,1,-1,0,unknown,0
4153,28,student,single,tertiary,no,836,yes,no,unknown,19,may,36,1,-1,0,unknown,0
4204,20,student,single,secondary,no,67,yes,no,unknown,19,may,387,1,-1,0,unknown,0
4269,21,student,single,unknown,no,210,yes,no,unknown,19,may,53,1,-1,0,unknown,0
4299,23,student,single,secondary,no,405,yes,no,unknown,19,may,134,3,-1,0,unknown,0
4384,28,student,single,secondary,no,154,yes,no,unknown,20,may,21,9,-1,0,unknown,0
4430,31,student,single,secondary,no,368,yes,no,unknown,20,may,81,1,-1,0,unknown,0
4443,32,student,single,unknown,no,1583,yes,no,unknown,20,may,57,1,-1,0,unknown,0
4546,26,student,single,secondary,no,268,yes,no,unknown,20,may,77,2,-1,0,unknown,0
4624,31,student,single,tertiary,no,410,yes,no,unknown,20,may,112,2,-1,0,unknown,0
4737,23,student,single,secondary,no,-116,yes,no,unknown,20,may,109,6,-1,0,unknown,0
4817,36,student,single,tertiary,no,687,yes,no,unknown,21,may,287,3,-1,0,unknown,0
4996,21,student,single,secondary,no,232,yes,no,unknown,21,may,110,2,-1,0,unknown,0
5301,32,student,single,secondary,no,1883,yes,no,unknown,23,may,57,1,-1,0,unknown,0
5322,25,student,single,secondary,no,1765,yes,no,unknown,23,may,135,2,-1,0,unknown,0
5371,26,student,single,tertiary,no,1570,yes,no,unknown,23,may,81,1,-1,0,unknown,0
5562,30,student,single,tertiary,no,-679,yes,no,unknown,23,may,372,3,-1,0,unknown,0
5641,34,student,married,tertiary,no,387,yes,no,unknown,26,may,52,3,-1,0,unknown,0
5708,29,student,married,tertiary,no,149,yes,no,unknown,26,may,367,4,-1,0,unknown,0
5927,29,student,single,tertiary,no,0,no,no,unknown,26,may,52,3,-1,0,unknown,0
6056,28,student,single,secondary,no,4716,yes,no,unknown,26,may,329,2,-1,0,unknown,0
6204,27,student,single,unknown,no,910,yes,yes,unknown,27,may,77,1,-1,0,unknown,0
6242,28,student,single,secondary,no,4793,no,no,unknown,27,may,151,1,-1,0,unknown,0
6295,28,student,single,tertiary,no,737,yes,no,unknown,27,may,125,1,-1,0,unknown,0
6505,20,student,single,tertiary,no,556,yes,no,unknown,27,may,15,10,-1,0,unknown,0
6509,26,student,single,secondary,no,2784,yes,no,unknown,27,may,264,1,-1,0,unknown,0
6628,34,student,single,primary,no,3004,no,no,unknown,28,may,49,3,-1,0,unknown,0
6746,24,student,single,unknown,no,3298,yes,no,unknown,28,may,227,1,-1,0,unknown,0
6780,27,student,single,secondary,no,16173,yes,no,unknown,28,may,489,1,-1,0,unknown,0
6839,23,student,single,unknown,no,854,yes,no,unknown,28,may,664,2,-1,0,unknown,1
6919,28,student,single,secondary,no,949,yes,no,unknown,28,may,1730,1,-1,0,unknown,1
6938,30,student,single,tertiary,no,2030,yes,no,unknown,28,may,27,2,-1,0,unknown,0
6939,26,student,single,tertiary,no,0,yes,no,unknown,28,may,124,1,-1,0,unknown,0
7037,22,student,single,secondary,no,489,no,no,unknown,28,may,223,5,-1,0,unknown,0
7095,24,student,single,secondary,no,1919,yes,no,unknown,29,may,127,4,-1,0,unknown,0
7148,36,student,single,unknown,no,36,yes,no,unknown,29,may,705,1,-1,0,unknown,0
7342,33,student,single,tertiary,no,254,yes,no,unknown,29,may,558,13,-1,0,unknown,0
7367,24,student,single,secondary,no,2530,yes,no,unknown,29,may,399,5,-1,0,unknown,0
7387,29,student,single,secondary,no,1093,yes,no,unknown,29,may,368,2,-1,0,unknown,0
7426,31,student,single,tertiary,no,479,yes,no,unknown,29,may,72,12,-1,0,unknown,0
7516,20,student,single,tertiary,no,2764,yes,no,unknown,29,may,139,2,-1,0,unknown,0
7525,24,student,single,secondary,no,7,yes,no,unknown,30,may,86,3,-1,0,unknown,0
7553,25,student,single,secondary,no,1790,no,no,unknown,30,may,242,3,-1,0,unknown,0
7777,35,student,single,secondary,no,2960,yes,no,unknown,30,may,123,2,-1,0,unknown,0
8146,30,student,single,unknown,no,809,no,no,unknown,2,jun,91,2,-1,0,unknown,0
8327,33,student,single,tertiary,no,3404,yes,no,unknown,2,jun,312,3,-1,0,unknown,0
8693,27,student,single,secondary,no,298,yes,no,unknown,3,jun,52,1,-1,0,unknown,0
8754,23,student,single,secondary,no,4409,yes,no,unknown,4,jun,299,1,-1,0,unknown,0
8789,22,student,single,secondary,no,111,yes,no,unknown,4,jun,89,1,-1,0,unknown,0
8811,24,student,single,secondary,no,2726,yes,no,unknown,4,jun,283,1,-1,0,unknown,0
8871,26,student,single,secondary,no,-147,no,no,unknown,4,jun,95,2,-1,0,unknown,0
8927,29,student,single,secondary,no,200,yes,no,unknown,4,jun,87,2,-1,0,unknown,0
9283,38,student,single,tertiary,no,1523,yes,no,unknown,5,jun,17,16,-1,0,unknown,0
9295,24,student,single,primary,no,0,no,no,unknown,5,jun,25,26,-1,0,unknown,0
9552,30,student,single,unknown,no,1232,yes,no,unknown,6,jun,52,4,-1,0,unknown,0
9581,40,student,single,secondary,no,5349,no,no,unknown,6,jun,471,1,-1,0,unknown,0
9711,36,student,married,primary,no,3503,no,no,unknown,6,jun,31,1,-1,0,unknown,0
10014,32,student,single,unknown,no,2313,yes,no,unknown,9,jun,99,26,-1,0,unknown,0
10176,23,student,single,secondary,no,1284,yes,no,unknown,11,jun,327,10,-1,0,unknown,0
10350,36,student,single,secondary,no,409,yes,no,unknown,12,jun,72,1,-1,0,unknown,0
10396,36,student,single,unknown,no,172,no,no,unknown,12,jun,81,1,-1,0,unknown,0
10960,38,student,single,tertiary,no,3316,no,no,unknown,17,jun,1345,3,-1,0,unknown,1
10969,42,student,married,unknown,no,2374,no,no,unknown,17,jun,158,2,-1,0,unknown,0
11175,37,student,married,unknown,no,0,no,no,unknown,18,jun,115,1,-1,0,unknown,0
11206,38,student,single,unknown,no,722,no,no,unknown,18,jun,65,1,-1,0,unknown,0
11273,36,student,single,unknown,no,386,no,no,unknown,18,jun,359,2,-1,0,unknown,0
11583,25,student,single,secondary,no,722,yes,no,unknown,19,jun,172,1,-1,0,unknown,0
11653,36,student,married,tertiary,no,408,no,no,unknown,20,jun,112,3,-1,0,unknown,0
11833,20,student,single,secondary,no,-322,yes,no,unknown,20,jun,73,4,-1,0,unknown,0
11871,38,student,single,unknown,no,9669,no,no,unknown,20,jun,15,3,-1,0,unknown,0
12082,44,student,single,unknown,no,5078,no,no,unknown,20,jun,17,5,-1,0,unknown,0
12101,26,student,single,secondary,no,715,yes,no,unknown,20,jun,31,10,-1,0,unknown,0
12182,40,student,married,secondary,no,260,no,no,unknown,20,jun,197,6,-1,0,unknown,0
12189,41,student,married,secondary,no,1309,no,no,unknown,20,jun,28,4,-1,0,unknown,0
12209,36,student,single,secondary,no,904,no,no,unknown,20,jun,10,8,-1,0,unknown,0
12498,22,student,single,secondary,no,280,yes,no,unknown,2,jul,63,4,-1,0,unknown,0
13012,28,student,single,secondary,no,305,no,no,cellular,7,jul,625,1,-1,0,unknown,0
13135,30,student,single,unknown,no,-145,no,yes,cellular,8,jul,154,1,-1,0,unknown,0
13498,25,student,married,tertiary,no,0,yes,no,cellular,9,jul,160,1,-1,0,unknown,0
13975,27,student,single,secondary,no,106,yes,no,telephone,10,jul,127,1,-1,0,unknown,0
13994,31,student,married,primary,no,46,yes,no,cellular,10,jul,487,1,-1,0,unknown,1
14006,25,student,single,tertiary,no,-113,no,no,cellular,10,jul,300,3,-1,0,unknown,0
14633,28,student,married,tertiary,no,1,no,no,cellular,15,jul,92,4,-1,0,unknown,0
14654,33,student,single,tertiary,no,71,no,no,cellular,15,jul,94,4,-1,0,unknown,0
14727,29,student,single,tertiary,no,5,no,no,cellular,15,jul,889,5,-1,0,unknown,1
14743,47,student,single,unknown,no,107,no,no,telephone,15,jul,119,8,-1,0,unknown,0
14959,27,student,married,secondary,no,119,yes,no,cellular,16,jul,781,2,-1,0,unknown,1
14961,28,student,single,tertiary,no,61,yes,no,cellular,16,jul,401,8,-1,0,unknown,0
15090,25,student,single,secondary,no,963,yes,no,cellular,17,jul,28,1,-1,0,unknown,0
15224,26,student,single,tertiary,yes,47,no,yes,cellular,17,jul,257,2,-1,0,unknown,0
15253,27,student,single,secondary,no,24,yes,no,cellular,17,jul,320,2,-1,0,unknown,0
15332,31,student,single,tertiary,no,117,yes,no,telephone,18,jul,41,1,-1,0,unknown,0
15682,35,student,single,secondary,no,-86,yes,no,cellular,21,jul,369,1,-1,0,unknown,0
15783,33,student,married,secondary,no,0,no,no,cellular,21,jul,100,1,-1,0,unknown,0
15795,25,student,married,tertiary,no,10,yes,no,cellular,21,jul,857,4,-1,0,unknown,1
16003,29,student,single,tertiary,no,652,yes,no,cellular,22,jul,285,1,-1,0,unknown,0
16085,26,student,single,secondary,no,141,no,no,cellular,22,jul,128,1,-1,0,unknown,0
16349,28,student,single,tertiary,no,270,no,no,cellular,23,jul,172,1,-1,0,unknown,0
16471,28,student,single,secondary,no,153,no,no,cellular,23,jul,1124,2,-1,0,unknown,1
16473,29,student,single,secondary,no,181,yes,no,cellular,23,jul,180,1,-1,0,unknown,0
16725,25,student,single,secondary,no,1747,yes,no,cellular,24,jul,903,1,-1,0,unknown,1
16938,27,student,single,tertiary,no,1,no,no,cellular,25,jul,73,1,-1,0,unknown,0
17196,25,student,single,tertiary,no,-380,no,no,cellular,28,jul,108,4,-1,0,unknown,0
17359,30,student,single,tertiary,no,146,no,no,cellular,28,jul,310,2,-1,0,unknown,0
18099,37,student,divorced,tertiary,no,0,no,no,telephone,30,jul,100,6,-1,0,unknown,0
18804,42,student,married,unknown,no,-7,no,no,telephone,31,jul,41,6,-1,0,unknown,0
18807,34,student,single,secondary,no,188,yes,no,cellular,31,jul,12,5,-1,0,unknown,0
19407,33,student,divorced,secondary,no,422,no,no,cellular,6,aug,406,3,-1,0,unknown,0
19473,34,student,single,tertiary,no,873,yes,no,cellular,7,aug,267,2,-1,0,unknown,0
20137,30,student,single,tertiary,no,7513,no,no,cellular,11,aug,269,2,-1,0,unknown,0
22049,31,student,single,tertiary,no,744,no,no,cellular,20,aug,124,3,-1,0,unknown,0
22925,34,student,single,tertiary,no,1322,no,no,cellular,26,aug,170,3,-1,0,unknown,0
23308,38,student,married,secondary,no,134,no,no,cellular,27,aug,91,8,-1,0,unknown,0
23572,38,student,married,secondary,no,140,no,no,cellular,28,aug,12,21,-1,0,unknown,0
24055,48,student,single,unknown,no,1279,no,no,telephone,20,oct,2429,1,-1,0,unknown,0
24072,28,student,single,secondary,no,2351,no,no,telephone,22,oct,157,1,-1,0,unknown,1
24177,27,student,single,secondary,no,67,no,no,telephone,14,nov,239,1,-1,0,unknown,1
24333,34,student,single,unknown,no,5827,no,no,cellular,17,nov,97,2,-1,0,unknown,0
25232,33,student,single,tertiary,no,4,yes,no,cellular,18,nov,203,2,-1,0,unknown,0
25677,40,student,married,secondary,no,260,no,no,cellular,19,nov,52,1,152,6,failure,0
25713,30,student,single,secondary,no,0,yes,no,cellular,19,nov,661,1,-1,0,unknown,0
25998,31,student,single,unknown,no,2144,yes,no,cellular,19,nov,282,2,-1,0,unknown,0
26026,31,student,single,secondary,no,93,no,no,cellular,19,nov,584,2,-1,0,unknown,0
26179,30,student,single,unknown,no,809,no,no,cellular,20,nov,26,5,171,2,failure,0
26309,33,student,married,tertiary,no,3214,no,no,cellular,20,nov,60,1,-1,0,unknown,0
26460,33,student,single,tertiary,no,2904,no,no,cellular,20,nov,42,1,-1,0,unknown,0
26556,31,student,single,tertiary,no,307,no,no,cellular,20,nov,597,2,-1,0,unknown,0
26607,33,student,single,tertiary,no,3404,yes,no,cellular,20,nov,105,2,171,3,failure,0
27056,32,student,single,secondary,no,0,no,no,cellular,21,nov,206,1,-1,0,unknown,0
27289,34,student,married,tertiary,no,3037,yes,no,telephone,21,nov,65,1,-1,0,unknown,0
27299,35,student,divorced,tertiary,no,100,no,no,cellular,21,nov,50,1,-1,0,unknown,0
27355,30,student,single,tertiary,no,2766,no,no,cellular,21,nov,834,1,-1,0,unknown,1
27379,30,student,single,tertiary,no,3300,no,no,cellular,21,nov,1571,1,-1,0,unknown,1
27502,41,student,single,secondary,no,1934,yes,no,cellular,21,nov,162,2,-1,0,unknown,0
27715,28,student,single,tertiary,no,290,yes,no,telephone,27,nov,24,1,-1,0,unknown,0
27762,32,student,married,secondary,no,0,no,no,cellular,28,jan,558,1,-1,0,unknown,0
27769,30,student,single,tertiary,no,699,no,no,cellular,28,jan,396,1,-1,0,unknown,0
27799,28,student,single,tertiary,no,1096,no,no,cellular,28,jan,81,2,-1,0,unknown,0
27809,28,student,single,secondary,no,101,no,no,cellular,28,jan,90,1,-1,0,unknown,0
27925,27,student,single,secondary,no,3,no,no,cellular,28,jan,131,1,-1,0,unknown,0
27969,32,student,married,secondary,no,1694,yes,no,cellular,28,jan,929,1,-1,0,unknown,0
28043,27,student,single,tertiary,no,1013,no,no,cellular,28,jan,965,3,-1,0,unknown,0
28044,27,student,single,secondary,no,760,no,no,cellular,28,jan,177,2,-1,0,unknown,0
28047,26,student,single,unknown,no,2020,no,no,telephone,28,jan,42,3,-1,0,unknown,0
28052,28,student,single,unknown,no,78,no,no,cellular,28,jan,554,2,-1,0,unknown,0
28068,27,student,single,secondary,no,585,no,no,cellular,28,jan,180,3,-1,0,unknown,0
28119,35,student,single,unknown,no,0,no,no,telephone,28,jan,122,3,-1,0,unknown,0
28124,27,student,single,secondary,no,0,no,yes,telephone,29,jan,125,1,-1,0,unknown,0
28129,26,student,married,secondary,no,289,no,no,cellular,29,jan,220,1,-1,0,unknown,0
28130,26,student,single,secondary,no,782,no,no,cellular,29,jan,297,1,-1,0,unknown,0
28165,30,student,single,secondary,no,336,no,no,cellular,29,jan,67,1,-1,0,unknown,0
28190,27,student,single,secondary,no,980,no,no,cellular,29,jan,503,1,-1,0,unknown,0
28304,28,student,single,secondary,no,28,no,no,cellular,29,jan,220,2,-1,0,unknown,0
28345,28,student,single,tertiary,no,682,yes,no,cellular,29,jan,356,1,255,2,other,0
28388,27,student,single,secondary,no,10536,no,no,cellular,29,jan,136,1,-1,0,unknown,0
28472,26,student,single,unknown,no,826,no,no,cellular,29,jan,177,1,-1,0,unknown,0
28482,26,student,single,secondary,no,1346,no,no,cellular,29,jan,383,2,-1,0,unknown,0
28526,27,student,single,unknown,no,6424,no,no,cellular,29,jan,129,2,-1,0,unknown,0
28537,28,student,single,secondary,no,24,yes,no,cellular,29,jan,284,2,196,2,failure,0
28554,26,student,single,secondary,no,352,no,no,cellular,29,jan,202,2,-1,0,unknown,0
28723,28,student,single,secondary,no,69,no,no,cellular,30,jan,532,2,-1,0,unknown,1
28732,27,student,single,secondary,no,1566,no,no,cellular,30,jan,164,5,-1,0,unknown,0
28954,22,student,single,secondary,no,2162,no,no,telephone,2,feb,168,1,-1,0,unknown,0
28959,22,student,single,secondary,no,148,no,no,cellular,2,feb,928,1,-1,0,unknown,0
29025,39,student,single,tertiary,no,2103,no,no,cellular,2,feb,588,1,-1,0,unknown,1
29057,28,student,single,secondary,no,330,no,no,telephone,2,feb,197,1,-1,0,unknown,0
29110,27,student,single,secondary,no,1411,no,no,cellular,2,feb,92,1,-1,0,unknown,0
29121,26,student,single,tertiary,no,376,no,no,telephone,2,feb,237,2,-1,0,unknown,0
29206,27,student,single,secondary,no,1625,no,no,cellular,2,feb,180,5,-1,0,unknown,0
29218,26,student,single,secondary,no,2469,no,no,cellular,2,feb,406,1,-1,0,unknown,0
29227,28,student,single,secondary,no,689,no,no,cellular,2,feb,36,1,-1,0,unknown,0
29234,26,student,single,secondary,no,5569,no,no,cellular,2,feb,236,1,-1,0,unknown,0
29331,21,student,single,secondary,no,948,no,no,telephone,2,feb,77,2,-1,0,unknown,0
29335,26,student,single,secondary,no,0,no,no,cellular,2,feb,1223,2,-1,0,unknown,1
29359,27,student,single,tertiary,no,24,yes,no,cellular,2,feb,344,2,-1,0,unknown,0
29362,29,student,single,tertiary,no,1679,no,no,cellular,2,feb,485,2,-1,0,unknown,0
29371,27,student,single,unknown,no,1444,no,no,cellular,2,feb,248,2,-1,0,unknown,0
29484,29,student,single,tertiary,no,246,no,no,cellular,3,feb,269,1,-1,0,unknown,0
29505,31,student,single,unknown,no,640,no,no,cellular,3,feb,92,1,-1,0,unknown,0
29518,27,student,single,tertiary,no,32,no,no,cellular,3,feb,239,1,-1,0,unknown,0
29575,33,student,single,secondary,no,1883,yes,no,cellular,3,feb,121,5,256,1,failure,0
29586,29,student,single,tertiary,no,559,no,no,cellular,3,feb,143,2,-1,0,unknown,0
29619,28,student,single,tertiary,no,3026,no,no,cellular,3,feb,124,1,-1,0,unknown,0
29652,26,student,single,secondary,no,119,no,no,cellular,3,feb,247,3,-1,0,unknown,0
29740,30,student,single,secondary,no,96,no,no,cellular,4,feb,291,1,-1,0,unknown,0
29766,35,student,single,tertiary,no,7,yes,no,telephone,4,feb,72,2,247,1,other,0
29852,36,student,single,unknown,no,449,no,no,cellular,4,feb,166,2,-1,0,unknown,0
29891,26,student,single,secondary,no,334,no,no,telephone,4,feb,46,1,-1,0,unknown,0
30047,33,student,single,secondary,no,706,yes,no,cellular,4,feb,291,2,-1,0,unknown,0
30103,27,student,single,unknown,no,468,no,no,cellular,4,feb,270,2,-1,0,unknown,0
30118,26,student,single,secondary,no,1510,no,no,telephone,4,feb,58,3,-1,0,unknown,0
30156,28,student,single,secondary,no,0,no,no,cellular,5,feb,15,8,-1,0,unknown,0
30160,36,student,single,secondary,no,904,no,no,telephone,5,feb,36,9,8,13,other,0
30200,31,student,single,secondary,no,334,yes,no,cellular,5,feb,195,4,233,2,other,0
30219,31,student,single,secondary,no,430,no,no,cellular,5,feb,129,4,-1,0,unknown,0
30306,26,student,single,unknown,no,198,no,no,cellular,5,feb,161,1,-1,0,unknown,0
30371,30,student,single,secondary,no,61,no,yes,cellular,5,feb,133,5,8,2,other,0
30375,37,student,single,secondary,no,681,no,no,cellular,5,feb,187,1,8,1,other,0
30471,36,student,single,secondary,no,624,no,no,cellular,5,feb,518,2,8,1,other,0
30473,31,student,single,unknown,no,643,no,no,cellular,5,feb,82,4,-1,0,unknown,0
30483,31,student,single,tertiary,no,2010,yes,no,cellular,5,feb,15,5,261,1,other,0
30502,25,student,single,secondary,no,2354,no,no,cellular,5,feb,226,7,-1,0,unknown,1
30515,27,student,single,unknown,no,2183,no,no,cellular,5,feb,219,3,-1,0,unknown,0
30602,32,student,single,unknown,no,5969,no,no,cellular,6,feb,12,7,-1,0,unknown,0
30633,28,student,single,secondary,no,29,no,yes,cellular,6,feb,402,1,-1,0,unknown,0
30658,33,student,single,tertiary,no,882,yes,no,cellular,6,feb,311,1,-1,0,unknown,0
30683,27,student,single,tertiary,no,524,no,no,cellular,6,feb,496,2,-1,0,unknown,0
30698,30,student,single,tertiary,no,0,no,no,cellular,6,feb,10,5,-1,0,unknown,0
30702,30,student,single,tertiary,no,300,no,no,cellular,6,feb,38,1,-1,0,unknown,0
30791,32,student,single,unknown,no,4110,no,no,cellular,6,feb,119,8,-1,0,unknown,0
30792,19,student,single,unknown,no,1169,no,no,cellular,6,feb,463,18,-1,0,unknown,0
30804,22,student,single,secondary,no,0,no,no,cellular,6,feb,229,6,-1,0,unknown,1
30920,26,student,single,secondary,no,477,no,no,cellular,9,feb,58,2,-1,0,unknown,0
31028,32,student,single,tertiary,no,1138,no,no,telephone,10,feb,402,3,-1,0,unknown,1
31042,19,student,single,unknown,no,0,no,no,cellular,11,feb,123,3,-1,0,unknown,0
31048,22,student,single,secondary,no,381,no,no,cellular,12,feb,227,1,-1,0,unknown,1
31049,20,student,single,secondary,no,1191,no,no,cellular,12,feb,274,1,-1,0,unknown,0
31074,27,student,single,tertiary,no,3733,yes,no,telephone,13,feb,299,6,-1,0,unknown,1
31079,35,student,single,secondary,no,188,yes,no,cellular,16,feb,75,3,200,5,failure,1
31101,26,student,single,secondary,no,620,no,no,cellular,17,feb,104,1,-1,0,unknown,1
31125,24,student,single,secondary,no,23878,no,no,cellular,18,feb,185,1,-1,0,unknown,1
31137,28,student,single,secondary,no,0,no,no,cellular,18,feb,209,20,-1,0,unknown,1
31142,21,student,single,secondary,no,164,no,no,cellular,19,feb,78,5,-1,0,unknown,0
31144,25,student,married,tertiary,no,4923,yes,yes,cellular,19,feb,266,2,219,12,other,0
31156,25,student,single,unknown,no,2503,no,no,cellular,26,feb,100,2,-1,0,unknown,0
31157,29,student,single,secondary,no,48,no,no,cellular,26,feb,51,1,-1,0,unknown,0
31168,38,student,single,tertiary,no,807,no,no,cellular,27,feb,74,2,-1,0,unknown,0
31217,25,student,single,secondary,no,1116,yes,no,cellular,2,mar,170,3,-1,0,unknown,0
31232,27,student,single,secondary,no,1177,no,no,cellular,3,mar,133,1,-1,0,unknown,0
31246,23,student,single,secondary,no,486,no,no,cellular,3,mar,87,1,-1,0,unknown,0
31254,27,student,single,tertiary,no,0,no,no,cellular,5,mar,82,3,-1,0,unknown,1
31264,19,student,single,unknown,no,27,no,no,telephone,5,mar,86,12,-1,0,unknown,0
31275,30,student,single,unknown,no,988,no,no,cellular,5,mar,167,9,-1,0,unknown,0
31276,30,student,single,tertiary,no,2539,no,no,telephone,5,mar,199,5,-1,0,unknown,1
31280,26,student,single,unknown,no,598,no,no,cellular,6,mar,136,1,-1,0,unknown,0
31305,19,student,single,secondary,no,1803,no,no,cellular,10,mar,59,1,-1,0,unknown,0
31307,28,student,single,tertiary,no,111,no,no,cellular,10,mar,70,2,-1,0,unknown,0
31308,30,student,single,secondary,no,685,no,no,telephone,10,mar,230,2,-1,0,unknown,0
31345,30,student,single,secondary,no,7387,no,no,cellular,16,mar,93,1,-1,0,unknown,0
31348,28,student,single,secondary,no,459,no,no,cellular,16,mar,83,13,-1,0,unknown,0
31354,22,student,single,secondary,no,2139,no,no,cellular,17,mar,133,8,-1,0,unknown,0
31363,27,student,single,secondary,no,672,no,no,cellular,18,mar,236,2,-1,0,unknown,0
31376,28,student,single,secondary,no,5916,no,no,cellular,20,mar,93,5,-1,0,unknown,0
31399,23,student,single,secondary,no,4126,no,no,cellular,25,mar,96,2,-1,0,unknown,1
31401,24,student,single,secondary,no,1250,no,no,cellular,25,mar,411,2,-1,0,unknown,1
31426,27,student,single,secondary,no,213,no,no,cellular,27,mar,378,1,-1,0,unknown,1
31433,19,student,single,primary,no,134,no,no,cellular,27,mar,271,2,-1,0,unknown,1
31445,32,student,single,unknown,no,2321,no,no,cellular,30,mar,167,2,-1,0,unknown,0
31493,19,student,single,unknown,no,779,no,no,cellular,1,apr,184,4,-1,0,unknown,1
31511,22,student,single,secondary,no,722,yes,no,cellular,2,apr,108,1,-1,0,unknown,0
31516,23,student,single,secondary,no,165,yes,no,cellular,2,apr,148,1,-1,0,unknown,0
31538,28,student,single,secondary,no,1350,yes,no,cellular,2,apr,173,2,-1,0,unknown,0
31543,24,student,single,primary,no,1283,no,no,cellular,2,apr,225,2,-1,0,unknown,0
31547,26,student,single,tertiary,no,193,no,no,cellular,3,apr,48,2,-1,0,unknown,0
31623,24,student,single,secondary,no,1684,no,no,cellular,6,apr,112,4,-1,0,unknown,0
31629,26,student,single,tertiary,no,1804,no,no,cellular,6,apr,156,2,-1,0,unknown,0
31738,20,student,single,unknown,no,8860,no,no,cellular,7,apr,98,2,-1,0,unknown,0
31740,31,student,single,secondary,no,735,no,no,cellular,7,apr,88,3,322,1,other,0
31777,27,student,single,tertiary,no,3687,no,no,cellular,8,apr,335,2,-1,0,unknown,0
31787,34,student,single,tertiary,no,3404,yes,no,cellular,8,apr,420,1,139,5,failure,0
31795,28,student,single,secondary,no,11555,no,no,cellular,8,apr,125,2,-1,0,unknown,0
31832,21,student,single,primary,no,423,no,no,cellular,8,apr,104,5,-1,0,unknown,1
31838,27,student,single,secondary,no,2614,no,no,cellular,8,apr,143,2,-1,0,unknown,1
31846,24,student,single,secondary,no,745,yes,no,telephone,8,apr,93,2,-1,0,unknown,0
31871,26,student,single,secondary,no,766,no,no,cellular,9,apr,125,6,-1,0,unknown,0
31921,20,student,single,secondary,no,1819,no,no,cellular,9,apr,245,3,-1,0,unknown,1
32031,25,student,single,secondary,no,1765,yes,no,telephone,14,apr,111,3,326,2,failure,0
32039,22,student,single,secondary,no,107,no,no,cellular,14,apr,125,1,-1,0,unknown,1
32170,19,student,single,secondary,no,626,no,no,telephone,15,apr,117,1,-1,0,unknown,0
32299,24,student,married,unknown,no,146,no,no,cellular,16,apr,176,1,-1,0,unknown,0
32356,20,student,single,secondary,no,1681,no,no,telephone,16,apr,130,1,-1,0,unknown,0
32413,20,student,single,unknown,no,4137,yes,no,telephone,16,apr,55,2,-1,0,unknown,0
32464,28,student,single,tertiary,no,844,no,no,cellular,16,apr,551,2,-1,0,unknown,1
32526,25,student,single,secondary,no,1790,no,no,cellular,17,apr,224,1,322,3,failure,0
32530,28,student,single,secondary,no,378,yes,no,cellular,17,apr,346,1,-1,0,unknown,0
32596,24,student,single,secondary,no,372,yes,no,cellular,17,apr,143,1,-1,0,unknown,0
32623,32,student,single,secondary,no,329,yes,no,cellular,17,apr,237,1,-1,0,unknown,0
33081,22,student,single,secondary,no,3982,no,no,cellular,20,apr,206,1,-1,0,unknown,1
33126,22,student,single,secondary,no,466,yes,no,cellular,20,apr,269,1,-1,0,unknown,0
33171,27,student,single,secondary,no,2784,yes,no,telephone,20,apr,153,1,328,1,failure,0
33333,20,student,single,unknown,no,330,no,no,cellular,20,apr,159,2,-1,0,unknown,0
33395,28,student,single,secondary,no,39,yes,no,cellular,20,apr,149,1,-1,0,unknown,0
33410,25,student,single,tertiary,no,538,yes,no,cellular,20,apr,226,1,-1,0,unknown,0
33431,28,student,single,secondary,no,0,no,no,cellular,20,apr,185,1,-1,0,unknown,1
33433,27,student,single,secondary,no,162,no,no,telephone,20,apr,116,1,-1,0,unknown,0
33435,30,student,single,secondary,no,0,no,no,cellular,20,apr,111,1,-1,0,unknown,0
33447,25,student,single,secondary,no,319,yes,no,cellular,20,apr,48,3,-1,0,unknown,0
33504,21,student,single,primary,no,3472,no,no,cellular,20,apr,66,3,-1,0,unknown,0
33614,39,student,single,tertiary,no,1107,yes,no,telephone,20,apr,407,4,-1,0,unknown,0
33672,26,student,single,tertiary,no,5169,yes,no,cellular,20,apr,639,2,-1,0,unknown,0
33689,24,student,single,secondary,no,597,yes,no,cellular,20,apr,943,3,-1,0,unknown,1
33694,26,student,single,tertiary,no,10086,no,no,cellular,21,apr,110,2,-1,0,unknown,1
33714,26,student,single,tertiary,no,1134,no,no,cellular,21,apr,464,4,-1,0,unknown,1
33727,30,student,single,primary,no,1527,no,no,telephone,22,apr,94,7,-1,0,unknown,0
33736,36,student,single,secondary,no,17,no,no,cellular,22,apr,621,1,-1,0,unknown,1
33761,25,student,single,secondary,no,8,no,no,cellular,22,apr,107,2,-1,0,unknown,1
33775,19,student,single,primary,no,1247,no,no,cellular,23,apr,94,1,-1,0,unknown,0
33790,19,student,single,secondary,no,96,no,no,cellular,23,apr,106,3,-1,0,unknown,0
33815,23,student,single,tertiary,no,577,no,no,cellular,27,apr,44,3,-1,0,unknown,0
33818,30,student,single,secondary,no,5836,no,no,cellular,27,apr,165,2,-1,0,unknown,0
33821,24,student,single,tertiary,no,3415,no,no,cellular,27,apr,97,1,-1,0,unknown,1
33883,29,student,single,secondary,no,78,no,no,cellular,30,apr,239,1,-1,0,unknown,1
33896,26,student,single,unknown,no,19,no,no,telephone,30,apr,268,1,-1,0,unknown,0
33901,34,student,married,unknown,no,1387,no,no,cellular,30,apr,121,1,-1,0,unknown,0
33907,27,student,single,tertiary,no,1390,no,no,cellular,30,apr,152,1,-1,0,unknown,0
33908,21,student,single,secondary,no,224,no,no,cellular,30,apr,871,1,-1,0,unknown,1
33909,23,student,single,secondary,no,0,no,no,cellular,30,apr,297,1,83,6,success,1
33911,26,student,single,secondary,no,480,no,no,cellular,30,apr,104,1,-1,0,unknown,0
33924,33,student,single,unknown,no,5969,no,no,cellular,30,apr,110,1,83,7,failure,0
33944,29,student,single,secondary,no,314,no,no,cellular,30,apr,465,1,-1,0,unknown,1
33972,28,student,single,secondary,no,20,no,no,telephone,30,apr,455,2,-1,0,unknown,0
34027,20,student,single,secondary,no,502,no,no,cellular,30,apr,261,1,-1,0,unknown,1
34053,26,student,single,tertiary,no,2,no,no,cellular,30,apr,120,2,-1,0,unknown,0
34063,24,student,single,primary,no,474,no,no,cellular,30,apr,551,1,-1,0,unknown,1
34067,33,student,single,unknown,no,1170,no,no,cellular,30,apr,352,1,-1,0,unknown,1
34085,25,student,single,secondary,no,2354,no,no,cellular,30,apr,149,1,84,7,success,0
34088,28,student,single,tertiary,no,3054,no,no,cellular,30,apr,384,1,80,6,other,1
34090,25,student,single,secondary,no,1608,no,no,cellular,30,apr,664,2,-1,0,unknown,1
34105,26,student,single,unknown,no,2503,no,no,cellular,30,apr,121,1,63,2,failure,0
34121,30,student,single,secondary,no,25,no,no,telephone,30,apr,44,1,-1,0,unknown,0
34133,34,student,single,unknown,no,1281,no,no,cellular,30,apr,109,1,-1,0,unknown,0
34170,24,student,single,secondary,no,382,no,no,cellular,30,apr,567,2,-1,0,unknown,1
34178,24,student,single,secondary,no,160,no,no,cellular,4,may,109,2,-1,0,unknown,0
34181,31,student,single,tertiary,no,0,no,no,cellular,4,may,47,2,-1,0,unknown,0
34186,29,student,single,secondary,no,1854,no,no,telephone,4,may,390,3,-1,0,unknown,0
34190,27,student,single,unknown,no,1444,no,no,cellular,4,may,130,1,91,2,failure,0
34205,20,student,married,unknown,no,292,no,no,cellular,4,may,45,1,-1,0,unknown,0
34209,25,student,single,tertiary,no,253,no,no,cellular,4,may,597,1,-1,0,unknown,1
34220,24,student,single,unknown,no,0,no,no,cellular,4,may,90,2,-1,0,unknown,0
34239,32,student,single,tertiary,no,214,no,no,cellular,4,may,117,1,-1,0,unknown,0
34247,32,student,single,tertiary,no,1138,no,no,cellular,4,may,214,3,83,3,success,1
34251,28,student,single,secondary,no,891,no,no,telephone,4,may,34,6,-1,0,unknown,0
34267,22,student,single,secondary,no,1925,no,no,cellular,4,may,180,1,-1,0,unknown,0
34272,25,student,single,secondary,no,41,yes,no,telephone,4,may,101,2,-1,0,unknown,0
34282,19,student,single,unknown,no,5368,no,no,cellular,4,may,77,6,-1,0,unknown,0
34289,19,student,single,primary,no,0,no,no,cellular,4,may,72,4,-1,0,unknown,0
34327,23,student,single,tertiary,no,82,no,no,cellular,4,may,289,4,-1,0,unknown,0
34350,24,student,single,unknown,no,782,no,no,cellular,4,may,12,7,91,1,other,0
34353,37,student,single,unknown,no,444,no,no,cellular,4,may,1063,5,-1,0,unknown,1
34362,24,student,single,secondary,no,387,no,no,telephone,4,may,340,8,-1,0,unknown,1
34366,25,student,single,secondary,no,203,no,no,cellular,4,may,108,1,-1,0,unknown,0
34377,25,student,married,tertiary,no,4923,yes,yes,cellular,4,may,78,4,74,14,failure,0
34386,23,student,single,secondary,no,0,no,no,telephone,4,may,526,1,-1,0,unknown,0
34393,31,student,married,secondary,no,200,yes,no,cellular,4,may,362,5,-1,0,unknown,0
34395,20,student,single,secondary,no,130,no,no,telephone,4,may,75,3,-1,0,unknown,0
34427,32,student,single,tertiary,no,290,yes,no,cellular,5,may,18,6,-1,0,unknown,0
34476,35,student,single,secondary,no,188,yes,no,cellular,5,may,863,1,78,8,success,1
34510,26,student,single,secondary,no,2572,yes,no,cellular,5,may,620,1,-1,0,unknown,0
34511,22,student,single,secondary,no,562,yes,no,cellular,5,may,147,1,-1,0,unknown,0
34533,24,student,single,secondary,no,547,no,no,telephone,5,may,60,1,-1,0,unknown,0
34645,25,student,single,secondary,no,293,yes,no,telephone,5,may,170,2,-1,0,unknown,0
34672,25,student,single,secondary,no,703,no,no,cellular,5,may,1100,3,-1,0,unknown,0
34676,19,student,single,secondary,no,291,no,no,telephone,5,may,291,5,-1,0,unknown,0
34832,28,student,single,tertiary,no,471,yes,no,cellular,6,may,209,1,-1,0,unknown,0
34850,31,student,single,unknown,no,2882,yes,no,cellular,6,may,158,2,-1,0,unknown,0
34865,25,student,single,tertiary,no,505,yes,no,cellular,6,may,37,1,-1,0,unknown,0
34957,22,student,single,secondary,no,310,yes,no,cellular,6,may,903,2,355,1,other,0
35023,23,student,single,secondary,no,834,yes,no,cellular,6,may,283,3,-1,0,unknown,0
35042,27,student,single,secondary,no,3096,yes,no,telephone,6,may,62,4,357,1,failure,0
35095,26,student,single,secondary,no,47,yes,no,cellular,6,may,273,4,-1,0,unknown,0
35103,20,student,single,secondary,no,602,yes,no,cellular,6,may,373,4,-1,0,unknown,0
35129,25,student,single,secondary,no,115,no,no,cellular,6,may,796,2,-1,0,unknown,0
35144,26,student,single,secondary,no,502,yes,no,telephone,7,may,82,1,-1,0,unknown,0
35146,26,student,single,secondary,no,1209,yes,no,cellular,7,may,57,4,-1,0,unknown,0
35302,25,student,single,secondary,no,520,yes,no,cellular,7,may,236,1,-1,0,unknown,0
35370,27,student,single,tertiary,no,37,yes,no,cellular,7,may,125,1,364,1,failure,0
35443,25,student,single,tertiary,no,0,yes,no,cellular,7,may,178,1,-1,0,unknown,0
35477,27,student,single,secondary,no,8366,no,no,cellular,7,may,458,2,349,1,other,0
35591,26,student,single,secondary,no,279,no,no,cellular,7,may,239,3,-1,0,unknown,0
35593,22,student,single,secondary,no,252,yes,no,cellular,7,may,206,3,-1,0,unknown,0
35805,28,student,single,secondary,no,231,yes,no,cellular,8,may,55,1,-1,0,unknown,0
35913,31,student,single,tertiary,no,25,yes,no,cellular,8,may,85,2,368,2,failure,0
35966,35,student,married,tertiary,no,387,yes,no,cellular,8,may,1024,3,347,3,failure,1
36109,35,student,single,tertiary,no,873,yes,no,cellular,11,may,197,1,277,2,failure,0
36110,30,student,single,secondary,no,948,yes,no,cellular,11,may,150,1,370,2,failure,0
36175,31,student,married,tertiary,no,0,no,no,cellular,11,may,247,2,367,4,other,0
36176,23,student,single,secondary,no,2412,yes,no,cellular,11,may,239,5,367,2,failure,0
36286,21,student,single,secondary,no,398,yes,no,cellular,11,may,295,3,-1,0,unknown,0
36420,25,student,single,primary,no,373,yes,no,cellular,11,may,819,2,-1,0,unknown,1
36473,26,student,single,tertiary,no,249,yes,no,cellular,11,may,445,2,371,1,other,0
36524,26,student,single,tertiary,no,2182,yes,no,cellular,12,may,42,1,292,1,other,0
36700,22,student,single,secondary,no,246,yes,no,telephone,12,may,25,1,-1,0,unknown,0
36816,24,student,single,tertiary,no,603,yes,no,cellular,12,may,157,5,-1,0,unknown,0
36834,29,student,single,secondary,no,3872,yes,no,cellular,12,may,453,2,-1,0,unknown,0
36839,28,student,single,secondary,no,197,yes,no,cellular,12,may,32,1,-1,0,unknown,0
36867,32,student,single,tertiary,no,61,yes,no,cellular,12,may,130,3,-1,0,unknown,0
36883,25,student,single,secondary,no,1116,yes,no,cellular,12,may,85,2,71,3,failure,0
36897,31,student,single,secondary,no,241,yes,no,cellular,12,may,211,5,-1,0,unknown,0
36932,25,student,single,secondary,no,14657,yes,no,cellular,12,may,194,3,-1,0,unknown,0
36997,29,student,single,secondary,no,154,yes,no,cellular,13,may,20,6,358,9,failure,0
37012,22,student,single,secondary,no,241,yes,no,cellular,13,may,200,1,-1,0,unknown,0
37145,24,student,single,secondary,no,493,yes,no,cellular,13,may,85,4,358,1,other,0
37180,27,student,single,secondary,no,268,yes,no,cellular,13,may,528,1,358,2,failure,0
37350,30,student,single,tertiary,no,228,yes,no,cellular,13,may,314,2,-1,0,unknown,1
37536,27,student,single,secondary,no,89,yes,no,cellular,14,may,68,3,-1,0,unknown,0
37628,28,student,single,tertiary,no,170,no,no,telephone,14,may,16,5,-1,0,unknown,0
37638,30,student,single,tertiary,no,31,yes,no,cellular,14,may,23,1,-1,0,unknown,0
37722,25,student,single,secondary,no,963,yes,no,telephone,14,may,230,4,301,1,failure,0
37764,28,student,married,secondary,no,704,yes,yes,cellular,14,may,171,3,-1,0,unknown,0
37813,35,student,divorced,primary,no,2755,yes,no,cellular,14,may,177,2,345,3,other,0
37850,25,student,single,tertiary,no,938,yes,no,cellular,14,may,36,1,352,1,other,0
37934,26,student,single,primary,no,114,yes,no,cellular,14,may,226,2,-1,0,unknown,0
37950,28,student,single,secondary,no,1377,yes,no,cellular,14,may,688,2,-1,0,unknown,1
38065,31,student,single,tertiary,no,2030,yes,no,cellular,14,may,168,2,351,2,failure,0
38089,32,student,married,tertiary,no,744,yes,no,cellular,14,may,506,2,352,1,other,0
38115,28,student,single,secondary,no,293,no,no,cellular,15,may,194,3,-1,0,unknown,0
38250,28,student,single,tertiary,no,221,yes,no,cellular,15,may,176,1,-1,0,unknown,0
38285,26,student,single,tertiary,no,641,yes,no,cellular,15,may,55,1,368,1,failure,0
38321,24,student,single,secondary,no,2,no,no,cellular,15,may,48,1,-1,0,unknown,0
38340,25,student,single,tertiary,no,1433,yes,no,cellular,15,may,520,1,-1,0,unknown,0
38366,22,student,single,secondary,no,2589,yes,no,cellular,15,may,239,1,352,1,other,0
38379,28,student,single,tertiary,no,22,yes,no,cellular,15,may,536,2,-1,0,unknown,1
38398,31,student,married,secondary,no,147,yes,no,cellular,15,may,456,1,-1,0,unknown,0
38411,29,student,single,tertiary,no,80,yes,no,cellular,15,may,15,5,361,1,failure,0
38420,28,student,single,secondary,no,217,yes,no,cellular,15,may,238,2,372,1,failure,0
38424,26,student,single,secondary,no,2138,yes,no,cellular,15,may,18,8,371,1,other,0
38446,21,student,single,secondary,no,126,yes,no,telephone,15,may,52,1,-1,0,unknown,0
38461,23,student,single,secondary,no,556,yes,no,cellular,15,may,170,2,-1,0,unknown,0
38464,26,student,single,secondary,no,864,yes,no,cellular,15,may,659,1,-1,0,unknown,1
38481,22,student,single,secondary,no,4038,yes,no,cellular,15,may,1380,1,-1,0,unknown,0
38507,25,student,single,secondary,no,1919,yes,no,cellular,15,may,264,1,351,4,failure,0
38541,29,student,single,secondary,no,949,yes,no,cellular,15,may,109,2,352,1,success,0
38601,36,student,single,secondary,no,3551,yes,no,telephone,15,may,134,9,-1,0,unknown,0
38661,26,student,single,secondary,no,372,yes,no,cellular,15,may,34,11,374,2,other,0
38699,26,student,single,primary,no,177,yes,no,cellular,15,may,58,3,-1,0,unknown,0
38715,28,student,married,tertiary,no,327,yes,no,cellular,15,may,104,3,-1,0,unknown,0
38718,27,student,single,tertiary,no,4869,yes,no,cellular,15,may,258,2,343,4,other,0
38817,23,student,married,tertiary,yes,-230,yes,no,cellular,18,may,259,2,-1,0,unknown,0
38830,28,student,single,secondary,no,404,yes,no,cellular,18,may,33,2,367,4,other,0
38882,26,student,single,tertiary,no,251,yes,no,cellular,18,may,12,5,-1,0,unknown,0
38894,23,student,single,secondary,no,1029,yes,no,cellular,18,may,68,1,-1,0,unknown,0
39013,22,student,single,secondary,no,330,yes,no,cellular,18,may,105,1,-1,0,unknown,0
39116,21,student,single,tertiary,no,2764,yes,no,cellular,18,may,78,2,354,2,failure,0
39120,28,student,single,tertiary,no,385,yes,no,telephone,18,may,203,5,-1,0,unknown,0
39172,23,student,single,secondary,no,234,yes,no,cellular,18,may,33,5,354,7,other,0
39224,23,student,single,secondary,no,2530,yes,no,cellular,18,may,194,3,364,3,other,0
39230,22,student,single,primary,no,110,yes,no,cellular,18,may,237,2,-1,0,unknown,0
39331,24,student,single,secondary,no,508,yes,no,telephone,18,may,12,3,374,1,other,0
39358,27,student,single,secondary,no,568,yes,no,cellular,18,may,28,6,-1,0,unknown,0
39371,27,student,single,secondary,no,1925,no,no,cellular,22,may,190,1,-1,0,unknown,0
39400,28,student,single,secondary,no,5916,no,no,cellular,22,may,259,1,63,5,failure,0
39406,33,student,single,unknown,no,86,no,no,cellular,22,may,136,1,-1,0,unknown,0
39413,26,student,single,secondary,no,620,no,no,cellular,22,may,223,1,94,1,success,1
39418,27,student,single,tertiary,no,3733,yes,no,cellular,22,may,198,1,98,6,success,1
39437,21,student,single,primary,no,1596,no,no,cellular,25,may,101,2,-1,0,unknown,0
39450,27,student,single,tertiary,no,118,no,no,cellular,25,may,112,1,-1,0,unknown,0
39460,26,student,single,unknown,no,689,no,no,cellular,25,may,678,2,-1,0,unknown,1
39465,26,student,single,tertiary,no,5169,yes,no,cellular,25,may,397,1,35,2,failure,1
39466,26,student,single,tertiary,no,5741,no,no,cellular,25,may,327,1,-1,0,unknown,0
39467,20,student,single,secondary,no,162,no,no,cellular,25,may,106,2,-1,0,unknown,0
39498,28,student,married,tertiary,no,803,yes,no,cellular,25,may,324,1,-1,0,unknown,0
39525,27,student,single,secondary,no,253,no,no,cellular,25,may,242,2,-1,0,unknown,1
39536,24,student,single,secondary,no,23878,no,no,cellular,26,may,133,1,97,1,success,1
39551,26,student,single,secondary,no,8015,no,no,cellular,26,may,109,1,-1,0,unknown,0
39552,25,student,single,secondary,no,715,no,no,cellular,26,may,217,1,-1,0,unknown,0
39577,25,student,single,tertiary,no,241,no,no,cellular,26,may,351,1,-1,0,unknown,0
39593,24,student,married,unknown,no,146,no,no,cellular,26,may,147,1,40,1,failure,0
39606,25,student,single,tertiary,no,326,no,no,cellular,26,may,390,1,-1,0,unknown,1
39610,26,student,single,secondary,no,100,no,no,cellular,26,may,445,1,-1,0,unknown,1
39630,25,student,single,secondary,no,304,no,no,cellular,26,may,226,2,-1,0,unknown,1
39631,26,student,single,tertiary,no,39,no,no,cellular,26,may,396,3,-1,0,unknown,1
39639,25,student,single,unknown,no,3,no,no,cellular,26,may,170,1,-1,0,unknown,1
39643,26,student,single,tertiary,no,255,no,no,cellular,26,may,264,2,-1,0,unknown,0
39645,29,student,single,tertiary,no,795,no,no,cellular,26,may,258,1,-1,0,unknown,0
39672,27,student,single,secondary,no,274,no,no,cellular,27,may,283,1,-1,0,unknown,0
39689,25,student,single,unknown,no,92,no,no,cellular,27,may,297,1,-1,0,unknown,0
39696,26,student,single,secondary,no,0,no,no,cellular,27,may,107,2,-1,0,unknown,0
39712,26,student,single,tertiary,no,13107,yes,no,cellular,27,may,112,2,-1,0,unknown,0
39718,25,student,single,unknown,no,277,no,no,cellular,27,may,311,2,-1,0,unknown,1
39729,23,student,single,unknown,no,565,no,no,cellular,28,may,162,7,-1,0,unknown,0
39740,24,student,single,secondary,no,501,no,no,cellular,28,may,121,6,-1,0,unknown,0
39773,24,student,single,unknown,no,839,no,no,cellular,1,jun,65,1,-1,0,unknown,0
39782,25,student,single,secondary,no,1116,yes,no,cellular,1,jun,119,1,20,5,failure,0
39822,34,student,single,unknown,no,1011,no,no,cellular,1,jun,253,1,-1,0,unknown,1
39858,30,student,single,secondary,no,1555,no,no,cellular,2,jun,115,1,-1,0,unknown,0
39907,30,student,single,tertiary,no,3094,no,no,cellular,2,jun,116,2,-1,0,unknown,0
39909,31,student,single,tertiary,no,64,no,no,cellular,2,jun,261,2,-1,0,unknown,1
39915,24,student,single,secondary,no,228,no,no,cellular,2,jun,154,1,-1,0,unknown,0
39950,27,student,single,secondary,no,121,no,no,cellular,2,jun,145,2,-1,0,unknown,0
39957,30,student,single,secondary,no,155,no,no,cellular,3,jun,206,3,-1,0,unknown,0
39958,40,student,single,secondary,no,595,yes,no,cellular,3,jun,406,2,-1,0,unknown,1
39982,31,student,single,secondary,no,216,no,no,cellular,3,jun,138,1,-1,0,unknown,0
39983,25,student,single,tertiary,no,1189,no,no,cellular,3,jun,165,1,-1,0,unknown,1
40046,22,student,single,secondary,no,4132,no,no,telephone,3,jun,34,2,-1,0,unknown,0
40066,29,student,single,secondary,no,1779,no,no,cellular,4,jun,400,1,-1,0,unknown,1
40068,26,student,single,secondary,no,132,no,no,cellular,4,jun,217,1,-1,0,unknown,1
40091,22,student,single,secondary,no,64,no,no,cellular,4,jun,112,1,-1,0,unknown,0
40095,24,student,single,secondary,no,1957,no,no,cellular,4,jun,113,1,-1,0,unknown,0
40102,27,student,single,secondary,no,538,no,no,cellular,4,jun,124,2,-1,0,unknown,1
40119,24,student,single,unknown,no,1693,no,no,cellular,4,jun,1094,1,-1,0,unknown,0
40141,21,student,single,secondary,no,794,no,no,cellular,5,jun,191,1,-1,0,unknown,1
40161,23,student,single,secondary,no,9216,no,no,cellular,5,jun,471,2,-1,0,unknown,0
40169,26,student,single,secondary,no,611,no,no,cellular,5,jun,455,3,-1,0,unknown,0
40240,23,student,single,primary,no,1235,no,no,cellular,12,jun,39,3,-1,0,unknown,0
40242,22,student,single,unknown,no,1,no,no,telephone,15,jun,263,4,-1,0,unknown,0
40264,26,student,single,tertiary,no,0,no,no,cellular,15,jun,41,2,-1,0,unknown,0
40278,31,student,single,secondary,no,1776,no,no,cellular,15,jun,220,1,207,1,other,1
40305,20,student,single,unknown,no,457,no,no,cellular,16,jun,214,1,-1,0,unknown,0
40310,25,student,single,secondary,no,548,no,yes,cellular,16,jun,281,1,-1,0,unknown,0
40311,23,student,single,tertiary,no,341,no,no,cellular,16,jun,89,2,-1,0,unknown,0
40317,22,student,single,tertiary,no,1161,no,yes,cellular,16,jun,119,1,-1,0,unknown,0
40328,32,student,single,unknown,no,640,no,no,cellular,17,jun,49,2,134,1,failure,0
40352,23,student,single,secondary,no,1021,no,no,telephone,19,jun,79,9,-1,0,unknown,0
40377,19,student,single,secondary,no,1803,no,no,cellular,23,jun,124,1,105,1,failure,0
40394,22,student,single,unknown,no,466,no,no,cellular,30,jun,377,1,-1,0,unknown,1
40464,33,student,single,unknown,no,242,no,no,telephone,3,jul,320,2,-1,0,unknown,0
40465,22,student,single,unknown,no,47,no,no,cellular,3,jul,69,3,-1,0,unknown,0
40477,21,student,single,secondary,no,39,no,no,cellular,6,jul,207,2,-1,0,unknown,0
40510,27,student,single,secondary,no,111,no,no,cellular,7,jul,495,2,-1,0,unknown,1
40511,21,student,single,tertiary,no,1258,no,no,cellular,7,jul,404,1,-1,0,unknown,0
40524,38,student,married,unknown,no,0,no,no,cellular,8,jul,341,1,385,1,failure,1
40555,26,student,single,tertiary,no,10086,no,no,cellular,8,jul,475,3,78,2,success,0
40556,22,student,single,secondary,no,185,no,no,cellular,8,jul,153,1,-1,0,unknown,1
40560,20,student,single,unknown,no,829,no,no,cellular,9,jul,253,2,-1,0,unknown,1
40565,19,student,single,primary,no,103,no,no,cellular,10,jul,104,2,-1,0,unknown,1
40584,25,student,single,tertiary,no,58,no,no,cellular,24,jul,139,5,-1,0,unknown,1
40636,21,student,single,secondary,no,216,no,no,cellular,5,aug,414,1,-1,0,unknown,1
40647,25,student,single,secondary,no,41,yes,no,telephone,5,aug,100,2,93,2,failure,0
40648,20,student,married,unknown,no,292,no,no,cellular,5,aug,385,2,93,1,failure,1
40664,21,student,single,secondary,no,491,no,no,cellular,6,aug,161,1,-1,0,unknown,0
40676,38,student,single,unknown,no,64,no,no,cellular,6,aug,789,1,-1,0,unknown,0
40697,32,student,married,secondary,no,1536,no,no,cellular,7,aug,289,2,-1,0,unknown,1
40709,29,student,single,unknown,no,795,no,no,cellular,7,aug,173,2,-1,0,unknown,0
40716,25,student,single,secondary,no,6400,no,no,cellular,7,aug,100,1,-1,0,unknown,0
40735,23,student,single,secondary,no,0,no,no,cellular,7,aug,217,1,99,7,success,1
40737,18,student,single,primary,no,1944,no,no,telephone,10,aug,122,3,-1,0,unknown,0
40745,18,student,single,unknown,no,108,no,no,cellular,10,aug,167,1,-1,0,unknown,1
40748,30,student,single,secondary,no,2046,no,no,telephone,10,aug,133,1,-1,0,unknown,0
40757,22,student,single,unknown,no,3317,no,no,cellular,10,aug,148,1,-1,0,unknown,0
40769,26,student,single,secondary,no,1608,no,no,cellular,10,aug,89,2,102,2,success,0
40774,23,student,single,tertiary,no,1592,no,no,cellular,10,aug,298,1,-1,0,unknown,0
40779,26,student,single,tertiary,no,2,no,no,cellular,10,aug,121,1,102,2,failure,0
40782,23,student,single,tertiary,no,0,no,no,cellular,10,aug,213,1,-1,0,unknown,1
40802,29,student,single,unknown,no,2929,no,no,cellular,11,aug,91,1,-1,0,unknown,0
40803,20,student,single,secondary,no,130,no,no,telephone,11,aug,88,1,99,3,failure,0
40804,22,student,single,unknown,no,1215,no,no,cellular,11,aug,154,1,-1,0,unknown,0
40805,28,student,single,secondary,no,5916,no,no,cellular,11,aug,344,1,81,6,failure,0
40822,20,student,single,secondary,no,53,no,no,cellular,11,aug,203,1,-1,0,unknown,0
40837,24,student,single,secondary,no,125,no,no,cellular,11,aug,477,1,-1,0,unknown,0
40843,23,student,single,secondary,no,480,no,no,cellular,11,aug,162,1,-1,0,unknown,0
40851,27,student,single,tertiary,no,5291,no,no,cellular,12,aug,345,2,-1,0,unknown,0
40861,26,student,single,secondary,no,5296,no,no,telephone,12,aug,127,1,-1,0,unknown,0
40864,21,student,single,secondary,no,123,no,no,telephone,12,aug,449,1,-1,0,unknown,1
40867,24,student,single,primary,no,474,no,no,cellular,12,aug,249,1,104,1,success,0
40874,20,student,single,primary,no,6991,no,no,cellular,12,aug,178,2,-1,0,unknown,1
40888,18,student,single,primary,no,608,no,no,cellular,12,aug,267,1,-1,0,unknown,1
40907,33,student,married,tertiary,no,476,yes,no,cellular,12,aug,113,1,-1,0,unknown,0
40928,19,student,single,primary,no,56,no,no,cellular,12,aug,246,1,-1,0,unknown,0
40935,26,student,single,secondary,no,374,no,no,telephone,12,aug,478,2,-1,0,unknown,0
40968,29,student,single,secondary,no,314,no,no,cellular,13,aug,485,3,105,1,success,0
40975,26,student,single,secondary,no,611,no,no,cellular,13,aug,138,2,69,3,failure,0
40983,23,student,single,secondary,no,431,no,no,cellular,13,aug,496,2,-1,0,unknown,1
40992,24,student,single,secondary,no,0,no,no,cellular,13,aug,74,2,-1,0,unknown,0
40993,24,student,single,secondary,no,382,no,no,cellular,13,aug,103,1,105,2,success,0
41025,30,student,single,tertiary,no,3115,no,no,telephone,13,aug,217,2,-1,0,unknown,0
41043,21,student,single,secondary,no,6844,no,no,cellular,14,aug,126,3,127,7,other,0
41058,19,student,single,unknown,no,60,no,no,cellular,14,aug,253,1,-1,0,unknown,0
41064,22,student,single,secondary,no,47,no,no,cellular,14,aug,236,2,-1,0,unknown,0
41066,37,student,single,unknown,no,444,no,no,cellular,14,aug,137,1,102,5,success,1
41068,29,student,single,unknown,no,145,no,no,cellular,14,aug,105,1,-1,0,unknown,0
41077,20,student,single,secondary,no,210,no,no,cellular,14,aug,101,1,-1,0,unknown,0
41090,25,student,single,secondary,no,4147,no,no,cellular,14,aug,211,3,-1,0,unknown,1
41110,26,student,single,secondary,no,0,no,no,cellular,17,aug,237,1,82,2,failure,0
41112,29,student,single,unknown,no,7585,no,no,telephone,17,aug,123,1,-1,0,unknown,0
41135,22,student,single,secondary,no,948,no,no,telephone,18,aug,215,1,197,2,failure,1
41136,30,student,single,secondary,no,48,no,no,cellular,18,aug,161,1,173,1,failure,1
41181,22,student,single,tertiary,no,691,no,no,cellular,19,aug,338,1,-1,0,unknown,1
41183,28,student,single,secondary,no,67,no,no,cellular,20,aug,329,3,199,2,other,1
41193,28,student,single,secondary,no,1925,no,no,cellular,20,aug,147,1,90,1,failure,0
41197,24,student,single,secondary,no,228,no,no,cellular,20,aug,99,1,79,1,failure,0
41210,21,student,single,secondary,no,1746,no,no,cellular,21,aug,487,2,-1,0,unknown,0
41211,20,student,single,secondary,no,215,no,no,cellular,21,aug,228,4,183,1,other,1
41214,25,student,single,secondary,no,3090,no,no,cellular,21,aug,139,1,-1,0,unknown,0
41222,25,student,single,secondary,no,469,no,no,cellular,21,aug,273,1,86,1,other,1
41223,18,student,single,unknown,no,35,no,no,telephone,21,aug,104,2,-1,0,unknown,0
41230,27,student,single,tertiary,no,5741,no,no,cellular,21,aug,72,1,88,1,failure,0
41231,22,student,single,secondary,no,144,no,no,cellular,21,aug,116,1,-1,0,unknown,1
41236,28,student,single,tertiary,no,3733,yes,no,cellular,21,aug,419,5,91,7,success,0
41253,18,student,single,secondary,no,5,no,no,cellular,24,aug,143,2,-1,0,unknown,0
41262,23,student,single,secondary,no,8494,no,no,cellular,25,aug,158,2,-1,0,unknown,0
41266,30,student,married,tertiary,no,324,no,no,cellular,25,aug,585,4,-1,0,unknown,0
41272,34,student,single,unknown,no,1281,no,no,cellular,25,aug,279,1,117,1,failure,0
41274,18,student,single,unknown,no,3,no,no,cellular,25,aug,130,2,-1,0,unknown,1
41289,26,student,single,secondary,no,620,no,no,cellular,26,aug,76,1,96,2,success,0
41300,21,student,single,primary,no,1596,no,no,cellular,26,aug,115,1,93,2,failure,0
41301,25,student,single,secondary,no,331,no,no,telephone,26,aug,170,4,-1,0,unknown,1
41309,26,student,single,tertiary,no,97,no,no,cellular,27,aug,382,1,-1,0,unknown,0
41343,22,student,single,secondary,no,1564,no,no,cellular,28,aug,36,2,-1,0,unknown,0
41354,27,student,single,tertiary,no,118,no,no,cellular,31,aug,160,3,98,1,failure,1
41373,21,student,single,secondary,no,557,no,no,cellular,31,aug,197,2,-1,0,unknown,0
41374,23,student,single,secondary,no,922,no,no,cellular,1,sep,81,5,99,3,other,0
41403,19,student,single,secondary,no,4,no,no,cellular,3,sep,114,1,-1,0,unknown,0
41434,24,student,single,secondary,no,154,no,no,cellular,4,sep,205,2,-1,0,unknown,0
41444,33,student,single,unknown,no,5969,no,no,cellular,4,sep,156,2,127,8,failure,0
41447,19,student,single,secondary,no,527,no,no,cellular,4,sep,154,3,-1,0,unknown,0
41486,22,student,single,unknown,no,2281,no,no,cellular,8,sep,221,1,-1,0,unknown,0
41488,18,student,single,unknown,no,108,no,no,cellular,8,sep,169,1,-1,0,unknown,1
41498,25,student,single,unknown,no,480,no,no,cellular,8,sep,140,1,-1,0,unknown,1
41501,19,student,single,secondary,no,88,no,no,cellular,8,sep,191,1,-1,0,unknown,0
41538,26,student,single,tertiary,no,13887,no,no,cellular,10,sep,199,4,-1,0,unknown,0
41541,23,student,single,primary,no,1235,no,no,cellular,11,sep,122,2,91,3,failure,0
41547,27,student,single,tertiary,no,-148,yes,no,cellular,11,sep,146,3,224,1,other,0
41552,20,student,single,unknown,no,479,no,no,cellular,11,sep,158,2,-1,0,unknown,0
41568,20,student,single,secondary,no,29,no,no,cellular,14,sep,85,2,-1,0,unknown,0
41581,31,student,single,tertiary,no,64,no,no,cellular,15,sep,208,1,105,2,success,0
41599,23,student,single,secondary,no,780,no,no,cellular,16,sep,267,1,-1,0,unknown,0
41605,41,student,single,secondary,no,595,yes,no,unknown,18,sep,22,1,107,2,success,0
41620,19,student,single,unknown,no,179,no,no,cellular,24,sep,62,3,-1,0,unknown,0
41638,20,student,single,secondary,no,1191,no,no,cellular,28,sep,500,2,228,1,failure,0
41640,28,student,single,tertiary,no,0,no,no,cellular,28,sep,294,2,105,7,other,1
41647,25,student,single,tertiary,no,5,no,no,cellular,29,sep,138,1,-1,0,unknown,0
41659,26,student,single,secondary,no,132,no,no,cellular,1,oct,194,1,119,1,success,1
41680,26,student,single,secondary,no,6036,no,no,cellular,1,oct,152,1,-1,0,unknown,0
41689,24,student,single,secondary,no,4126,no,no,cellular,2,oct,83,5,191,2,success,0
41707,19,student,single,secondary,no,55,no,no,telephone,6,oct,89,2,193,1,other,0
41753,21,student,single,secondary,no,2488,no,no,cellular,12,oct,180,1,-1,0,unknown,1
41796,23,student,single,secondary,no,107,no,no,cellular,14,oct,84,1,183,1,success,1
41831,19,student,single,primary,no,103,no,no,cellular,15,oct,96,2,97,2,success,0
41895,30,student,single,tertiary,no,7529,no,no,cellular,19,oct,328,1,-1,0,unknown,1
41900,22,student,single,primary,no,3472,no,no,cellular,20,oct,332,1,183,3,failure,1
41910,25,student,single,secondary,no,3165,no,no,telephone,20,oct,251,2,-1,0,unknown,0
41918,27,student,single,tertiary,no,1134,no,no,cellular,21,oct,825,1,183,4,success,1
41923,27,student,single,tertiary,no,24025,no,no,cellular,21,oct,99,1,-1,0,unknown,0
41931,19,student,single,secondary,no,329,no,no,cellular,22,oct,252,2,-1,0,unknown,1
41994,22,student,single,secondary,no,23,no,no,cellular,27,oct,137,1,-1,0,unknown,1
42015,36,student,single,tertiary,no,129,no,no,cellular,27,oct,149,1,-1,0,unknown,1
42024,26,student,single,unknown,no,603,no,no,cellular,28,oct,73,1,-1,0,unknown,0
42057,28,student,single,tertiary,no,2306,no,no,cellular,29,oct,140,2,-1,0,unknown,0
42069,21,student,single,primary,no,8278,no,no,cellular,29,oct,445,1,-1,0,unknown,1
42090,22,student,single,secondary,no,1522,no,no,cellular,30,oct,368,2,-1,0,unknown,1
42093,28,student,single,tertiary,no,3717,no,no,telephone,30,oct,177,2,-1,0,unknown,0
42098,20,student,single,primary,no,0,no,no,cellular,2,nov,69,4,182,4,failure,0
42109,29,student,single,tertiary,no,3054,no,no,cellular,2,nov,204,1,186,7,success,0
42113,32,student,married,secondary,no,833,yes,no,telephone,2,nov,227,5,164,3,other,0
42123,29,student,single,unknown,no,10332,no,no,cellular,2,nov,46,3,-1,0,unknown,1
42147,18,student,single,secondary,no,156,no,no,cellular,4,nov,298,2,82,4,other,0
42173,33,student,married,secondary,no,1536,no,no,cellular,9,nov,262,1,94,2,success,1
42174,24,student,single,tertiary,no,235,no,no,cellular,9,nov,118,1,-1,0,unknown,1
42181,24,student,single,secondary,no,125,no,no,cellular,9,nov,263,1,90,1,failure,1
42223,20,student,single,unknown,no,801,no,no,cellular,11,nov,244,2,-1,0,unknown,1
42224,28,student,single,tertiary,no,3,no,no,cellular,11,nov,135,2,148,1,other,0
42228,21,student,single,secondary,no,123,no,no,telephone,11,nov,513,1,91,1,success,1
42255,27,student,single,tertiary,no,5291,no,no,cellular,12,nov,192,2,92,2,failure,1
42256,39,student,single,unknown,no,64,no,no,cellular,12,nov,366,2,98,1,failure,0
42275,18,student,single,primary,no,608,no,no,cellular,13,nov,210,1,93,1,success,1
42288,24,student,single,secondary,no,382,no,no,cellular,13,nov,256,2,92,3,failure,1
42302,22,student,single,secondary,no,1925,no,no,cellular,16,nov,84,1,196,1,failure,0
42303,22,student,single,unknown,no,410,no,no,cellular,16,nov,365,1,-1,0,unknown,0
42306,34,student,single,unknown,no,86,no,no,cellular,16,nov,244,2,178,1,failure,0
42309,26,student,single,secondary,no,203,no,no,cellular,16,nov,104,1,196,1,failure,0
42310,23,student,single,secondary,no,1234,no,no,cellular,16,nov,250,1,-1,0,unknown,1
42318,21,student,single,secondary,no,347,no,no,cellular,16,nov,77,1,-1,0,unknown,0
42325,31,student,single,unknown,no,376,no,no,cellular,16,nov,202,1,96,2,other,0
42348,20,student,single,secondary,no,215,no,no,cellular,24,nov,325,1,95,5,success,1
42353,23,student,single,secondary,no,922,no,no,cellular,25,nov,242,1,85,8,failure,0
42363,28,student,single,secondary,no,1925,no,no,cellular,25,nov,487,1,97,2,failure,1
42384,25,student,single,secondary,no,304,no,no,cellular,30,nov,152,1,188,2,success,0
42387,22,student,single,tertiary,no,691,no,no,cellular,30,nov,260,5,103,1,success,1
42406,25,student,single,tertiary,no,1189,no,no,cellular,3,dec,110,1,183,1,success,0
42411,26,student,single,tertiary,no,294,no,no,cellular,4,dec,208,2,-1,0,unknown,1
42415,31,student,single,unknown,no,988,no,no,cellular,4,dec,377,5,191,11,other,0
42418,28,student,single,unknown,no,78,no,no,cellular,4,dec,232,3,310,2,failure,1
42422,27,student,single,unknown,no,3511,no,no,cellular,4,dec,300,3,-1,0,unknown,0
42423,27,student,single,secondary,no,91,no,no,telephone,4,dec,157,6,95,37,other,0
42439,29,student,single,secondary,no,314,no,no,cellular,7,dec,415,2,116,4,failure,1
42446,30,student,single,secondary,no,1681,no,no,cellular,7,dec,329,2,-1,0,unknown,1
42447,22,student,single,secondary,no,120,no,no,cellular,7,dec,245,5,-1,0,unknown,0
42453,24,student,single,secondary,no,1847,no,no,cellular,9,dec,390,1,-1,0,unknown,0
42476,22,student,single,tertiary,no,1258,no,no,cellular,10,dec,182,1,156,1,failure,0
42489,19,student,single,secondary,no,526,no,no,cellular,14,dec,122,3,-1,0,unknown,0
42498,29,student,single,secondary,no,459,no,no,cellular,15,dec,279,3,189,19,other,1
42520,27,student,single,secondary,no,538,no,no,cellular,18,dec,170,4,197,2,success,1
42525,31,student,single,unknown,no,2347,no,no,cellular,18,dec,180,2,-1,0,unknown,0
42549,25,student,single,unknown,no,10788,no,no,cellular,23,dec,102,2,210,2,other,0
42576,20,student,single,unknown,no,755,no,no,cellular,29,dec,284,1,-1,0,unknown,1
42635,21,student,single,secondary,no,2488,no,no,telephone,12,jan,661,2,92,1,success,1
42638,22,student,single,secondary,no,254,no,no,cellular,13,jan,143,2,-1,0,unknown,1
42647,21,student,single,secondary,no,71,no,no,cellular,13,jan,169,2,-1,0,unknown,1
42648,24,student,single,secondary,no,3176,no,no,cellular,13,jan,108,2,-1,0,unknown,1
42696,20,student,single,unknown,no,167,no,no,cellular,18,jan,237,1,-1,0,unknown,0
42699,27,student,single,secondary,no,2245,no,no,cellular,18,jan,163,1,-1,0,unknown,0
42702,21,student,single,primary,no,423,no,no,telephone,18,jan,287,5,285,5,success,1
42706,19,student,single,primary,no,103,no,no,cellular,18,jan,177,2,95,4,failure,0
42720,27,student,single,secondary,no,2015,no,no,cellular,25,jan,87,1,245,1,other,0
42727,30,student,single,secondary,no,3096,no,no,cellular,26,jan,123,1,-1,0,unknown,0
42751,20,student,single,unknown,no,829,no,no,cellular,27,jan,196,3,202,2,success,1
42764,36,student,single,tertiary,no,129,no,no,cellular,28,jan,918,1,93,1,success,1
42819,20,student,single,primary,no,0,no,no,cellular,1,feb,143,5,91,8,failure,0
42836,30,student,single,unknown,no,4468,no,no,cellular,2,feb,204,1,-1,0,unknown,1
42873,32,student,single,tertiary,no,0,no,no,cellular,4,feb,233,3,276,2,failure,1
42887,30,student,single,secondary,no,4,no,no,cellular,4,feb,443,2,-1,0,unknown,0
42891,21,student,single,secondary,no,210,no,no,telephone,4,feb,123,2,174,1,failure,0
42909,30,student,single,unknown,no,145,no,no,cellular,5,feb,96,3,175,1,failure,0
42937,22,student,single,secondary,no,216,no,no,cellular,8,feb,363,1,187,1,success,1
42952,33,student,married,secondary,no,1536,no,no,cellular,9,feb,359,1,92,3,success,1
42954,24,student,single,tertiary,no,235,no,no,cellular,9,feb,98,1,92,1,success,1
42955,18,student,single,unknown,no,108,no,no,cellular,9,feb,92,1,183,1,success,1
42957,25,student,single,secondary,no,125,no,no,cellular,9,feb,215,1,92,2,success,1
42965,23,student,single,secondary,no,480,no,no,cellular,9,feb,742,2,182,1,failure,1
42973,36,student,single,unknown,no,417,no,no,cellular,10,feb,151,1,-1,0,unknown,1
42988,27,student,single,tertiary,no,5291,no,no,cellular,11,feb,293,1,91,4,success,1
43027,21,student,single,secondary,no,123,no,no,telephone,12,feb,379,5,93,2,success,1
43041,23,student,single,secondary,no,431,no,no,cellular,15,feb,201,3,186,2,success,1
43048,23,student,single,secondary,no,1234,no,no,cellular,15,feb,379,1,91,1,success,1
43051,28,student,single,tertiary,no,1562,no,no,cellular,15,feb,659,4,-1,0,unknown,1
43080,22,student,single,unknown,no,1215,no,no,cellular,19,feb,145,3,192,1,failure,1
43086,27,student,single,tertiary,no,5741,no,no,cellular,22,feb,368,1,185,2,failure,0
43103,23,student,single,secondary,no,381,no,no,cellular,23,feb,696,1,189,2,other,1
43105,29,student,single,secondary,no,67,no,no,cellular,23,feb,211,1,187,5,success,1
43123,20,student,single,secondary,no,215,no,no,cellular,24,feb,175,1,92,6,success,1
43136,25,student,single,secondary,no,469,no,no,cellular,24,feb,524,1,187,2,success,0
43150,22,student,single,secondary,no,948,no,no,telephone,25,feb,169,1,191,3,success,1
43151,30,student,single,secondary,no,48,no,no,cellular,25,feb,217,1,191,2,success,1
43157,24,student,single,secondary,no,486,no,no,cellular,26,feb,281,2,270,2,other,0
43166,28,student,single,secondary,no,1925,no,no,cellular,26,feb,139,1,93,3,success,0
43192,27,student,single,tertiary,no,311,no,no,telephone,2,mar,187,3,322,1,other,1
43194,25,student,single,secondary,no,154,no,no,cellular,3,mar,141,1,180,2,failure,1
43196,29,student,single,unknown,no,7585,no,no,cellular,3,mar,145,2,198,1,failure,1
43201,23,student,single,secondary,no,287,no,no,telephone,3,mar,700,3,180,1,other,0
43206,34,student,single,unknown,no,242,no,no,telephone,4,mar,364,2,244,2,failure,0
43217,26,student,single,secondary,no,5296,no,no,cellular,5,mar,229,1,205,1,failure,1
43222,26,student,single,tertiary,no,294,no,no,cellular,5,mar,87,1,91,2,success,1
43240,45,student,single,unknown,no,1527,no,no,cellular,8,mar,132,1,-1,0,unknown,1
43242,38,student,single,unknown,no,444,no,no,cellular,8,mar,157,3,206,6,success,0
43259,19,student,single,unknown,no,108,no,no,cellular,9,mar,273,2,182,1,success,1
43290,27,student,single,secondary,no,3754,no,no,cellular,15,mar,106,3,98,1,other,0
43294,25,student,single,unknown,no,839,no,no,cellular,15,mar,109,1,181,2,other,0
43321,31,student,single,tertiary,no,64,no,no,cellular,17,mar,181,2,183,3,failure,0
43322,31,student,single,unknown,no,7826,no,no,telephone,17,mar,133,7,-1,0,unknown,0
43348,30,student,single,secondary,no,1681,no,no,cellular,23,mar,128,1,106,2,success,1
43354,20,student,single,unknown,no,179,no,no,cellular,25,mar,196,3,182,3,failure,0
43359,26,student,married,tertiary,no,8750,no,no,cellular,26,mar,98,2,-1,0,unknown,0
43388,27,student,single,secondary,no,6036,no,no,cellular,31,mar,175,1,181,1,failure,1
43409,19,student,single,secondary,no,394,no,no,cellular,5,apr,327,3,-1,0,unknown,1
43410,24,student,single,secondary,no,4126,no,no,cellular,5,apr,907,4,185,7,failure,1
43422,27,student,single,tertiary,no,13107,yes,no,cellular,6,apr,661,1,314,2,failure,1
43448,29,student,married,tertiary,no,10596,yes,no,cellular,12,apr,143,1,-1,0,unknown,0
43449,25,student,single,tertiary,no,293,no,no,cellular,12,apr,231,1,-1,0,unknown,0
43472,23,student,single,secondary,no,107,no,no,cellular,13,apr,256,5,181,2,success,1
43487,33,student,single,unknown,no,2321,no,no,cellular,15,apr,699,2,381,2,failure,0
43493,21,student,single,secondary,no,546,no,no,unknown,17,apr,94,1,-1,0,unknown,0
43497,21,student,single,unknown,no,330,no,no,cellular,19,apr,232,3,364,2,failure,0
43499,22,student,single,primary,no,3472,no,no,cellular,19,apr,529,1,181,4,success,1
43504,30,student,single,tertiary,no,7529,no,no,cellular,20,apr,175,6,183,1,success,1
43514,30,student,single,secondary,no,2046,no,no,telephone,21,apr,595,3,254,1,failure,1
43517,25,student,single,unknown,no,722,no,no,telephone,21,apr,623,2,-1,0,unknown,1
43592,25,student,single,secondary,no,108,no,no,cellular,29,apr,305,3,-1,0,unknown,1
43595,19,student,single,secondary,no,329,no,no,cellular,30,apr,169,1,190,2,success,1
43634,29,student,single,unknown,no,2929,no,no,cellular,5,may,232,1,89,4,other,1
43635,26,student,single,secondary,no,440,no,no,unknown,5,may,54,1,-1,0,unknown,0
43638,18,student,single,unknown,no,348,no,no,cellular,5,may,443,4,-1,0,unknown,1
43666,21,student,single,secondary,no,130,no,no,cellular,11,may,113,2,273,4,failure,0
43668,20,student,single,secondary,no,291,no,no,telephone,11,may,172,5,371,5,failure,0
43681,19,student,single,primary,no,608,no,no,cellular,12,may,236,1,180,2,success,1
43684,23,student,single,unknown,no,2530,no,no,cellular,12,may,411,1,-1,0,unknown,1
43689,22,student,single,secondary,no,123,no,no,telephone,12,may,267,2,89,7,success,0
43710,32,student,single,unknown,no,376,no,no,cellular,13,may,457,2,178,3,failure,0
43734,27,student,single,tertiary,no,39,no,no,cellular,17,may,379,1,258,10,other,1
43773,21,student,single,secondary,no,215,no,no,cellular,24,may,382,1,89,7,success,1
43780,25,student,single,secondary,no,3713,no,no,cellular,24,may,323,2,353,3,other,1
43784,28,student,single,secondary,no,1925,no,no,cellular,25,may,252,1,88,4,failure,1
43787,28,student,married,secondary,no,0,no,no,unknown,25,may,201,1,-1,0,unknown,0
43799,29,student,single,tertiary,no,459,no,no,unknown,26,may,376,1,-1,0,unknown,0
43808,23,student,single,tertiary,no,691,no,no,cellular,27,may,1178,1,178,6,success,1
43826,23,student,single,secondary,no,922,no,no,cellular,28,may,538,2,184,9,failure,1
43830,26,student,single,secondary,no,4613,no,no,cellular,28,may,663,3,196,2,other,1
43832,28,student,single,tertiary,no,118,no,no,cellular,31,may,85,2,35,5,other,0
43850,21,student,single,unknown,no,200,no,no,unknown,1,jun,8,1,-1,0,unknown,0
43882,23,student,single,tertiary,no,508,no,no,cellular,8,jun,544,1,-1,0,unknown,0
43908,24,student,single,unknown,no,358,no,no,cellular,14,jun,245,1,384,1,other,1
43911,21,student,single,unknown,no,53,no,no,cellular,14,jun,270,1,-1,0,unknown,1
43937,38,student,divorced,tertiary,no,2946,no,no,cellular,16,jun,605,3,-1,0,unknown,1
43959,20,student,single,secondary,no,153,no,no,unknown,21,jun,100,1,-1,0,unknown,1
43972,34,student,single,unknown,no,5969,no,no,cellular,23,jun,442,2,292,10,failure,0
43973,25,student,single,secondary,no,1957,no,no,cellular,24,jun,1207,4,385,1,failure,1
43977,24,student,single,unknown,no,1082,no,no,cellular,24,jun,185,1,-1,0,unknown,0
43982,21,student,single,unknown,no,762,no,no,cellular,24,jun,288,1,-1,0,unknown,0
43987,26,student,single,secondary,no,696,no,no,unknown,24,jun,22,1,-1,0,unknown,0
43998,27,student,single,secondary,no,833,no,no,telephone,25,jun,359,5,-1,0,unknown,0
44015,31,student,single,tertiary,no,4951,no,no,cellular,28,jun,150,3,-1,0,unknown,0
44016,22,student,single,secondary,no,10971,no,no,cellular,28,jun,181,2,-1,0,unknown,0
44028,30,student,single,secondary,no,314,no,no,cellular,29,jun,189,1,204,6,success,0
44032,29,student,single,secondary,no,808,no,no,cellular,29,jun,189,1,362,1,other,0
44038,27,student,single,secondary,no,1423,no,no,unknown,29,jun,8,1,-1,0,unknown,0
44040,32,student,single,tertiary,no,64,no,no,cellular,30,jun,598,4,105,5,failure,1
44043,19,student,single,secondary,no,424,no,no,cellular,30,jun,121,3,195,2,other,0
44050,21,student,single,secondary,no,2488,no,no,cellular,30,jun,258,6,169,3,success,1
44059,19,student,single,secondary,no,526,no,no,cellular,1,jul,174,1,199,3,failure,0
44064,28,student,single,secondary,no,196,no,no,cellular,2,jul,423,3,-1,0,unknown,1
44071,31,student,single,secondary,no,3511,no,no,cellular,2,jul,667,1,-1,0,unknown,1
44077,32,student,single,secondary,no,61,no,yes,cellular,5,jul,178,3,515,7,failure,0
44106,23,student,single,secondary,no,1809,no,no,cellular,8,jul,414,2,-1,0,unknown,1
44111,19,student,single,secondary,no,372,no,no,telephone,8,jul,444,3,-1,0,unknown,1
44120,26,student,single,secondary,no,1164,no,no,cellular,9,jul,116,1,301,1,other,0
44122,27,student,divorced,unknown,no,383,no,no,unknown,9,jul,15,1,-1,0,unknown,0
44123,29,student,married,unknown,no,2229,no,no,unknown,9,jul,25,1,252,1,other,0
44136,20,student,single,primary,no,134,no,no,cellular,12,jul,273,1,277,3,other,0
44148,30,student,single,secondary,no,459,no,no,cellular,13,jul,98,2,210,22,success,0
44153,24,student,single,secondary,no,1123,no,no,cellular,13,jul,475,1,412,1,other,1
44159,22,student,single,secondary,no,71,no,no,cellular,13,jul,337,1,181,2,success,1
44169,24,student,single,primary,no,1235,no,no,cellular,14,jul,334,4,93,6,other,1
44170,23,student,single,secondary,no,1298,no,no,cellular,14,jul,603,1,-1,0,unknown,1
44176,27,student,single,unknown,no,132,no,no,cellular,14,jul,276,1,-1,0,unknown,1
44182,28,student,single,secondary,no,205,no,no,cellular,14,jul,87,3,184,2,other,1
44197,29,student,single,secondary,no,658,no,no,cellular,15,jul,198,2,244,4,other,1
44208,22,student,single,primary,no,423,no,no,cellular,16,jul,316,1,179,10,success,1
44212,19,student,single,secondary,no,302,no,no,cellular,16,jul,205,1,-1,0,unknown,1
44251,24,student,single,secondary,no,1234,no,no,cellular,21,jul,314,1,156,2,success,1
44274,30,student,single,tertiary,no,3026,no,no,cellular,23,jul,251,1,535,1,failure,1
44278,25,student,married,secondary,no,37,no,no,unknown,24,jul,11,1,-1,0,unknown,0
44279,28,student,single,secondary,no,2015,no,no,cellular,26,jul,110,2,182,2,failure,0
44281,26,student,single,secondary,no,3090,no,no,cellular,26,jul,379,1,339,1,failure,0
44297,23,student,single,secondary,no,794,no,no,cellular,26,jul,607,3,171,3,other,1
44315,24,student,single,secondary,no,822,no,no,cellular,28,jul,106,2,-1,0,unknown,0
44322,27,student,single,tertiary,no,311,no,no,cellular,28,jul,462,1,148,4,success,1
44355,22,student,single,unknown,no,1232,no,no,cellular,30,jul,283,1,430,2,other,1
44379,24,student,single,secondary,no,867,no,no,cellular,2,aug,135,7,108,8,other,0
44380,33,student,single,unknown,no,2321,no,no,cellular,2,aug,308,1,109,4,failure,0
44384,30,student,single,secondary,no,3096,no,no,cellular,2,aug,226,3,188,1,failure,0
44386,29,student,single,secondary,no,1377,yes,no,cellular,3,aug,248,1,446,2,success,1
44387,29,student,single,tertiary,no,163,no,no,cellular,3,aug,249,1,-1,0,unknown,1
44428,28,student,single,secondary,no,970,no,no,telephone,4,aug,297,1,-1,0,unknown,0
44461,33,student,married,secondary,no,1536,no,no,cellular,6,aug,258,2,178,4,success,1
44465,22,student,single,secondary,no,216,no,no,cellular,6,aug,178,1,179,2,success,1
44472,32,student,single,tertiary,no,0,no,no,cellular,6,aug,101,5,3,6,other,0
44478,25,student,single,secondary,no,1028,no,no,cellular,9,aug,148,2,-1,0,unknown,0
44493,25,student,single,secondary,no,348,no,no,cellular,10,aug,245,1,-1,0,unknown,1
44494,19,student,single,unknown,no,108,no,no,cellular,10,aug,168,1,182,2,success,1
44501,36,student,single,unknown,no,417,no,no,cellular,10,aug,304,1,181,1,success,1
44514,24,student,single,secondary,no,1925,no,no,cellular,11,aug,1363,1,-1,0,unknown,1
44519,30,student,single,secondary,no,1779,no,no,cellular,11,aug,233,1,433,1,success,1
44534,32,student,single,unknown,no,376,no,no,cellular,12,aug,192,1,91,5,failure,0
44539,25,student,single,unknown,no,1003,no,no,cellular,12,aug,361,1,-1,0,unknown,1
44546,27,student,single,unknown,no,598,no,no,cellular,12,aug,126,1,524,1,failure,0
44564,24,student,single,secondary,no,1719,no,no,cellular,13,aug,161,4,-1,0,unknown,0
44577,24,student,single,tertiary,no,1592,no,no,cellular,16,aug,98,3,111,5,other,0
44584,24,student,single,secondary,no,431,no,no,cellular,19,aug,418,11,185,5,success,1
44585,32,student,single,secondary,no,14,no,no,cellular,19,aug,144,3,136,1,other,0
44590,21,student,single,secondary,no,681,no,no,unknown,20,aug,6,1,-1,0,unknown,0
44592,26,student,single,secondary,no,963,no,no,unknown,21,aug,11,1,304,1,other,0
44596,21,student,single,primary,no,281,no,no,unknown,24,aug,11,1,-1,0,unknown,0
44598,29,student,single,secondary,no,1124,no,no,unknown,24,aug,26,1,-1,0,unknown,0
44602,23,student,single,secondary,no,43,no,no,unknown,27,aug,4,1,-1,0,unknown,0
44604,20,student,single,primary,no,825,no,no,unknown,28,aug,27,1,-1,0,unknown,0
44607,27,student,single,primary,yes,25,no,no,unknown,28,aug,8,1,-1,0,unknown,0
44633,22,student,single,secondary,no,552,no,no,cellular,1,sep,327,1,-1,0,unknown,1
44645,18,student,single,unknown,no,438,no,no,cellular,1,sep,425,1,-1,0,unknown,0
44651,32,student,single,secondary,no,5836,no,no,cellular,2,sep,281,2,493,2,failure,0
44662,21,student,single,secondary,no,357,no,no,cellular,2,sep,115,3,-1,0,unknown,0
44663,22,student,single,unknown,no,549,no,no,cellular,2,sep,154,1,-1,0,unknown,0
44664,25,student,single,secondary,no,2975,no,no,cellular,2,sep,799,2,-1,0,unknown,1
44666,25,student,single,secondary,no,154,no,no,cellular,2,sep,382,1,183,3,success,1
44671,27,student,single,tertiary,no,5169,yes,no,cellular,3,sep,431,1,466,3,success,1
44685,22,student,single,secondary,no,249,no,no,unknown,5,sep,11,1,-1,0,unknown,0
44733,23,student,single,tertiary,no,508,no,no,cellular,8,sep,210,1,92,1,failure,0
44734,24,student,single,secondary,no,689,no,no,cellular,8,sep,630,1,-1,0,unknown,1
44738,46,student,single,unknown,no,1527,no,no,cellular,8,sep,358,3,184,1,success,1
44741,25,student,single,tertiary,no,20,no,no,cellular,8,sep,127,2,-1,0,unknown,0
44748,24,student,single,tertiary,no,834,no,no,cellular,9,sep,679,1,-1,0,unknown,1
44750,24,student,single,secondary,no,139,no,no,cellular,9,sep,430,4,-1,0,unknown,1
44761,28,student,single,tertiary,no,5741,no,no,cellular,10,sep,1042,5,200,3,failure,1
44773,25,student,single,secondary,no,486,no,no,cellular,13,sep,273,3,199,4,failure,1
44777,22,student,single,secondary,no,224,no,no,unknown,14,sep,5,1,-1,0,unknown,0
44790,24,student,single,unknown,no,358,no,no,cellular,14,sep,407,2,92,2,success,0
44791,21,student,single,unknown,no,1506,no,no,cellular,14,sep,340,1,-1,0,unknown,1
44802,24,student,single,secondary,no,8165,no,no,cellular,15,sep,216,1,-1,0,unknown,1
44805,32,student,single,unknown,no,0,no,no,unknown,15,sep,7,1,-1,0,unknown,0
44818,26,student,single,secondary,no,655,no,no,cellular,16,sep,190,1,-1,0,unknown,1
44824,20,student,single,unknown,no,2785,no,no,cellular,16,sep,327,2,-1,0,unknown,1
44828,31,student,single,tertiary,no,4951,no,no,cellular,17,sep,285,3,81,3,failure,1
44842,35,student,single,secondary,no,278,no,no,unknown,21,sep,84,1,-1,0,unknown,0
44843,31,student,single,secondary,no,0,no,no,cellular,22,sep,173,1,-1,0,unknown,0
44871,20,student,single,unknown,no,179,no,no,cellular,23,sep,317,1,182,6,failure,0
44897,23,student,single,secondary,no,1062,no,no,telephone,27,sep,379,3,-1,0,unknown,0
44928,21,student,single,secondary,no,57,no,no,unknown,4,oct,9,1,-1,0,unknown,0
44932,31,student,single,secondary,no,3511,no,no,cellular,6,oct,311,1,96,1,success,1
44949,26,student,single,secondary,no,706,no,no,unknown,8,oct,118,1,105,2,other,0
44951,32,student,single,secondary,no,1102,no,no,telephone,8,oct,194,1,-1,0,unknown,1
44969,27,student,single,tertiary,no,838,no,no,cellular,11,oct,162,1,-1,0,unknown,0
44980,24,student,single,secondary,no,1809,no,no,cellular,11,oct,165,1,95,2,success,1
44995,27,student,single,secondary,no,279,no,no,cellular,12,oct,323,1,-1,0,unknown,1
45046,26,student,single,secondary,no,316,no,no,cellular,18,oct,375,2,-1,0,unknown,0
45049,32,student,single,tertiary,no,922,no,no,cellular,18,oct,338,2,-1,0,unknown,0
45067,29,student,single,secondary,no,1925,no,no,cellular,21,oct,150,3,149,5,success,1
45069,26,student,single,secondary,no,108,no,no,cellular,21,oct,235,1,175,3,success,0
45078,20,student,single,secondary,no,88,no,no,telephone,21,oct,621,1,181,4,other,0
45081,27,student,single,secondary,no,1164,no,no,cellular,21,oct,256,2,104,2,failure,0
45108,25,student,single,secondary,no,679,no,no,cellular,25,oct,297,5,94,6,other,1
45113,24,student,single,secondary,no,1234,no,no,telephone,26,oct,280,2,97,3,success,0
45117,25,student,single,secondary,no,1868,no,no,cellular,26,oct,259,1,103,2,other,1
45134,24,student,single,secondary,no,822,no,no,cellular,27,oct,184,1,91,2,failure,1
45144,28,student,single,secondary,no,970,no,no,cellular,8,nov,137,1,96,1,failure,0
45149,22,student,single,secondary,no,2488,no,no,cellular,8,nov,449,2,38,10,other,1
45159,34,student,single,unknown,no,2321,no,no,cellular,9,nov,600,2,99,5,failure,0
45171,19,student,single,primary,no,245,no,no,telephone,10,nov,98,2,110,2,other,0
45197,25,student,single,secondary,no,358,no,no,cellular,16,nov,330,1,-1,0,unknown,1
45204,23,student,single,tertiary,no,113,no,no,cellular,17,nov,266,1,-1,0,unknown,1
